{
  "Dashboard Request" : {
    "transaction" : "Dashboard Request",
    "sampleCount" : 10268,
    "errorCount" : 0,
    "errorPct" : 0.0,
    "meanResTime" : 29.709485781067396,
    "medianResTime" : 5.0,
    "minResTime" : 3.0,
    "maxResTime" : 2208.0,
    "pct1ResTime" : 7.0,
    "pct2ResTime" : 9.0,
    "pct3ResTime" : 933.4799999999959,
    "throughput" : 8.588278689141616,
    "receivedKBytesPerSec" : 5.005569033841648,
    "sentKBytesPerSec" : 3.1166304887970973
  },
  "Pay Bill Request" : {
    "transaction" : "Pay Bill Request",
    "sampleCount" : 10197,
    "errorCount" : 3657,
    "errorPct" : 35.86349,
    "meanResTime" : 45.3167598313229,
    "medianResTime" : 17.0,
    "minResTime" : 4.0,
    "maxResTime" : 2463.0,
    "pct1ResTime" : 30.0,
    "pct2ResTime" : 44.0,
    "pct3ResTime" : 1026.0600000000013,
    "throughput" : 8.572343704157046,
    "receivedKBytesPerSec" : 4.451320606820969,
    "sentKBytesPerSec" : 4.579473176958327
  },
  "Deposit for Savings Goal Request" : {
    "transaction" : "Deposit for Savings Goal Request",
    "sampleCount" : 9868,
    "errorCount" : 3675,
    "errorPct" : 37.24159,
    "meanResTime" : 41.17288204296724,
    "medianResTime" : 17.0,
    "minResTime" : 4.0,
    "maxResTime" : 2194.0,
    "pct1ResTime" : 29.0,
    "pct2ResTime" : 41.0,
    "pct3ResTime" : 984.3099999999995,
    "throughput" : 8.486083699891214,
    "receivedKBytesPerSec" : 2.7849513880826766,
    "sentKBytesPerSec" : 4.1052618389596205
  },
  "Delete Savings Goal Request" : {
    "transaction" : "Delete Savings Goal Request",
    "sampleCount" : 9824,
    "errorCount" : 0,
    "errorPct" : 0.0,
    "meanResTime" : 49.66734527687298,
    "medianResTime" : 21.0,
    "minResTime" : 12.0,
    "maxResTime" : 1805.0,
    "pct1ResTime" : 33.0,
    "pct2ResTime" : 52.0,
    "pct3ResTime" : 1042.5,
    "throughput" : 8.49826989619377,
    "receivedKBytesPerSec" : 3.1536548442906573,
    "sentKBytesPerSec" : 3.3329664184147925
  },
  "Withdraw from Savings Goal Request" : {
    "transaction" : "Withdraw from Savings Goal Request",
    "sampleCount" : 9848,
    "errorCount" : 3669,
    "errorPct" : 37.256294,
    "meanResTime" : 43.85499593826155,
    "medianResTime" : 17.0,
    "minResTime" : 4.0,
    "maxResTime" : 2165.0,
    "pct1ResTime" : 29.0,
    "pct2ResTime" : 41.0,
    "pct3ResTime" : 1041.0,
    "throughput" : 8.487635700471266,
    "receivedKBytesPerSec" : 2.7698765544254123,
    "sentKBytesPerSec" : 4.106097217116876
  },
  "Get Phone TopUp Contact Request" : {
    "transaction" : "Get Phone TopUp Contact Request",
    "sampleCount" : 9949,
    "errorCount" : 0,
    "errorPct" : 0.0,
    "meanResTime" : 28.69032063523969,
    "medianResTime" : 6.0,
    "minResTime" : 4.0,
    "maxResTime" : 2416.0,
    "pct1ResTime" : 8.0,
    "pct2ResTime" : 11.0,
    "pct3ResTime" : 911.0,
    "throughput" : 8.513882874849601,
    "receivedKBytesPerSec" : 41.287373257687655,
    "sentKBytesPerSec" : 3.1728599712723846
  },
  "Transfer Request" : {
    "transaction" : "Transfer Request",
    "sampleCount" : 10244,
    "errorCount" : 3644,
    "errorPct" : 35.57204,
    "meanResTime" : 45.832877782116405,
    "medianResTime" : 18.0,
    "minResTime" : 4.0,
    "maxResTime" : 2194.0,
    "pct1ResTime" : 31.0,
    "pct2ResTime" : 43.0,
    "pct3ResTime" : 1044.0,
    "throughput" : 8.594075088256218,
    "receivedKBytesPerSec" : 4.408990631638093,
    "sentKBytesPerSec" : 5.261022536795796
  },
  "Get Beneficiaries Request" : {
    "transaction" : "Get Beneficiaries Request",
    "sampleCount" : 10054,
    "errorCount" : 0,
    "errorPct" : 0.0,
    "meanResTime" : 30.011637159339568,
    "medianResTime" : 5.0,
    "minResTime" : 3.0,
    "maxResTime" : 2181.0,
    "pct1ResTime" : 7.0,
    "pct2ResTime" : 10.0,
    "pct3ResTime" : 941.4500000000007,
    "throughput" : 8.558045149774303,
    "receivedKBytesPerSec" : 7.4365545140730225,
    "sentKBytesPerSec" : 3.1224270908434706
  },
  "Get Login History Request" : {
    "transaction" : "Get Login History Request",
    "sampleCount" : 10002,
    "errorCount" : 0,
    "errorPct" : 0.0,
    "meanResTime" : 30.839932013597274,
    "medianResTime" : 6.0,
    "minResTime" : 4.0,
    "maxResTime" : 2249.0,
    "pct1ResTime" : 8.0,
    "pct2ResTime" : 11.0,
    "pct3ResTime" : 920.9399999999987,
    "throughput" : 8.533124939213643,
    "receivedKBytesPerSec" : 83.62560551743908,
    "sentKBytesPerSec" : 3.1133537803889135
  },
  "Get Cards Request" : {
    "transaction" : "Get Cards Request",
    "sampleCount" : 10174,
    "errorCount" : 0,
    "errorPct" : 0.0,
    "meanResTime" : 32.92982111264009,
    "medianResTime" : 7.0,
    "minResTime" : 4.0,
    "maxResTime" : 2213.0,
    "pct1ResTime" : 9.0,
    "pct2ResTime" : 12.0,
    "pct3ResTime" : 938.0,
    "throughput" : 8.56249552897017,
    "receivedKBytesPerSec" : 68.99728986554298,
    "sentKBytesPerSec" : 3.057104453250912
  },
  "Get Transaction Request" : {
    "transaction" : "Get Transaction Request",
    "sampleCount" : 10222,
    "errorCount" : 0,
    "errorPct" : 0.0,
    "meanResTime" : 36.21893954216393,
    "medianResTime" : 10.0,
    "minResTime" : 4.0,
    "maxResTime" : 2092.0,
    "pct1ResTime" : 14.0,
    "pct2ResTime" : 19.0,
    "pct3ResTime" : 964.0,
    "throughput" : 8.583424300948863,
    "receivedKBytesPerSec" : 698.1926549773281,
    "sentKBytesPerSec" : 3.1232558162419175
  },
  "Total" : {
    "transaction" : "Total",
    "sampleCount" : 211024,
    "errorCount" : 18080,
    "errorPct" : 8.567746,
    "meanResTime" : 44.38930642960064,
    "medianResTime" : 23.0,
    "minResTime" : 3.0,
    "maxResTime" : 3447.0,
    "pct1ResTime" : 1005.9000000000015,
    "pct2ResTime" : 1189.0,
    "pct3ResTime" : 1559.0,
    "throughput" : 176.11354109029426,
    "receivedKBytesPerSec" : 958.6706546422338,
    "sentKBytesPerSec" : 73.13587319405046
  },
  "Add Beneficiary Request" : {
    "transaction" : "Add Beneficiary Request",
    "sampleCount" : 10077,
    "errorCount" : 0,
    "errorPct" : 0.0,
    "meanResTime" : 51.425225761635446,
    "medianResTime" : 22.0,
    "minResTime" : 12.0,
    "maxResTime" : 2269.0,
    "pct1ResTime" : 33.0,
    "pct2ResTime" : 47.0,
    "pct3ResTime" : 1055.4399999999987,
    "throughput" : 8.55001807238116,
    "receivedKBytesPerSec" : 5.018889794481814,
    "sentKBytesPerSec" : 4.05297375251783
  },
  "Phone TopUp Request" : {
    "transaction" : "Phone TopUp Request",
    "sampleCount" : 9978,
    "errorCount" : 3435,
    "errorPct" : 34.425735,
    "meanResTime" : 43.865504109039925,
    "medianResTime" : 18.0,
    "minResTime" : 4.0,
    "maxResTime" : 1944.0,
    "pct1ResTime" : 30.0,
    "pct2ResTime" : 44.0,
    "pct3ResTime" : 1022.0,
    "throughput" : 8.525297783063724,
    "receivedKBytesPerSec" : 2.816885423528643,
    "sentKBytesPerSec" : 4.473577894162589
  },
  "Get Anagrafica Request" : {
    "transaction" : "Get Anagrafica Request",
    "sampleCount" : 9805,
    "errorCount" : 0,
    "errorPct" : 0.0,
    "meanResTime" : 29.466904640489492,
    "medianResTime" : 5.0,
    "minResTime" : 3.0,
    "maxResTime" : 2225.0,
    "pct1ResTime" : 6.0,
    "pct2ResTime" : 9.0,
    "pct3ResTime" : 923.880000000001,
    "throughput" : 8.491280091866903,
    "receivedKBytesPerSec" : 5.383524959968443,
    "sentKBytesPerSec" : 3.0566035656340014
  },
  "Add Card Request" : {
    "transaction" : "Add Card Request",
    "sampleCount" : 10153,
    "errorCount" : 0,
    "errorPct" : 0.0,
    "meanResTime" : 53.36107554417405,
    "medianResTime" : 22.0,
    "minResTime" : 12.0,
    "maxResTime" : 2280.0,
    "pct1ResTime" : 33.0,
    "pct2ResTime" : 49.0,
    "pct3ResTime" : 1107.4599999999991,
    "throughput" : 8.555312501053299,
    "receivedKBytesPerSec" : 4.700017466323938,
    "sentKBytesPerSec" : 3.5307729149848996
  },
  "Freeze Card Request" : {
    "transaction" : "Freeze Card Request",
    "sampleCount" : 10125,
    "errorCount" : 0,
    "errorPct" : 0.0,