{
  "Dashboard Request" : {
    "transaction" : "Dashboard Request",
    "sampleCount" : 6840,
    "errorCount" : 0,
    "errorPct" : 0.0,
    "meanResTime" : 82.08070175438591,
    "medianResTime" : 9.0,
    "minResTime" : 3.0,
    "maxResTime" : 1534.0,
    "pct1ResTime" : 251.0,
    "pct2ResTime" : 419.0,
    "pct3ResTime" : 785.7200000000012,
    "throughput" : 11.476452299736746,
    "receivedKBytesPerSec" : 6.701911525613125,
    "sentKBytesPerSec" : 4.164719887106273
  },
  "Pay Bill Request" : {
    "transaction" : "Pay Bill Request",
    "sampleCount" : 6679,
    "errorCount" : 422,
    "errorPct" : 6.318311,
    "meanResTime" : 105.7691271148375,
    "medianResTime" : 36.0,
    "minResTime" : 5.0,
    "maxResTime" : 1978.0,
    "pct1ResTime" : 284.0,
    "pct2ResTime" : 455.0,
    "pct3ResTime" : 794.9999999999982,
    "throughput" : 11.327653959590855,
    "receivedKBytesPerSec" : 7.211257661727318,
    "sentKBytesPerSec" : 6.052051064967377
  },
  "Deposit for Savings Goal Request" : {
    "transaction" : "Deposit for Savings Goal Request",
    "sampleCount" : 6081,
    "errorCount" : 472,
    "errorPct" : 7.7618814,
    "meanResTime" : 112.22742969906285,
    "medianResTime" : 39.0,
    "minResTime" : 4.0,
    "maxResTime" : 1490.0,
    "pct1ResTime" : 294.0,
    "pct2ResTime" : 474.0,
    "pct3ResTime" : 828.7200000000012,
    "throughput" : 10.865603156224537,
    "receivedKBytesPerSec" : 3.9349716053254147,
    "sentKBytesPerSec" : 5.251944456170398
  },
  "Delete Savings Goal Request" : {
    "transaction" : "Delete Savings Goal Request",
    "sampleCount" : 5993,
    "errorCount" : 0,
    "errorPct" : 0.0,
    "meanResTime" : 113.37593859502753,
    "medianResTime" : 41.0,
    "minResTime" : 13.0,
    "maxResTime" : 1722.0,
    "pct1ResTime" : 294.0,
    "pct2ResTime" : 471.0,
    "pct3ResTime" : 883.3600000000024,
    "throughput" : 10.813629539811767,
    "receivedKBytesPerSec" : 4.012870337039523,
    "sentKBytesPerSec" : 4.23609851806542
  },
  "Withdraw from Savings Goal Request" : {
    "transaction" : "Withdraw from Savings Goal Request",
    "sampleCount" : 6035,
    "errorCount" : 467,
    "errorPct" : 7.738194,
    "meanResTime" : 111.60513670256836,
    "medianResTime" : 39.0,
    "minResTime" : 5.0,
    "maxResTime" : 1581.0,
    "pct1ResTime" : 291.0,
    "pct2ResTime" : 471.1999999999998,
    "pct3ResTime" : 870.6800000000039,
    "throughput" : 10.843083424366124,
    "receivedKBytesPerSec" : 3.923015104293933,
    "sentKBytesPerSec" : 5.241171648728116
  },
  "Get Phone TopUp Contact Request" : {
    "transaction" : "Get Phone TopUp Contact Request",
    "sampleCount" : 6214,
    "errorCount" : 0,
    "errorPct" : 0.0,
    "meanResTime" : 84.23817186997103,
    "medianResTime" : 11.0,
    "minResTime" : 3.0,
    "maxResTime" : 1451.0,
    "pct1ResTime" : 258.0,
    "pct2ResTime" : 433.5,
    "pct3ResTime" : 759.4000000000015,
    "throughput" : 10.973486333471076,
    "receivedKBytesPerSec" : 15.107075621739652,
    "sentKBytesPerSec" : 4.0892961876671015
  },
  "Transfer Request" : {
    "transaction" : "Transfer Request",
    "sampleCount" : 6783,
    "errorCount" : 438,
    "errorPct" : 6.4573197,
    "meanResTime" : 104.64514226743333,
    "medianResTime" : 36.0,
    "minResTime" : 5.0,
    "maxResTime" : 2019.0,
    "pct1ResTime" : 276.0,
    "pct2ResTime" : 454.59999999999854,
    "pct3ResTime" : 842.0,
    "throughput" : 11.430988545418083,
    "receivedKBytesPerSec" : 7.288283128780207,
    "sentKBytesPerSec" : 6.999343322212149
  },
  "Get Beneficiaries Request" : {
    "transaction" : "Get Beneficiaries Request",
    "sampleCount" : 6395,
    "errorCount" : 0,
    "errorPct" : 0.0,
    "meanResTime" : 82.59468334636402,
    "medianResTime" : 11.0,
    "minResTime" : 4.0,
    "maxResTime" : 1225.0,
    "pct1ResTime" : 243.0,
    "pct2ResTime" : 405.39999999999964,
    "pct3ResTime" : 760.2799999999997,
    "throughput" : 11.08355387785733,
    "receivedKBytesPerSec" : 9.17774040382179,
    "sentKBytesPerSec" : 4.043777207893328
  },
  "Get Login History Request" : {
    "transaction" : "Get Login History Request",
    "sampleCount" : 6296,
    "errorCount" : 0,
    "errorPct" : 0.0,
    "meanResTime" : 84.35117534942842,
    "medianResTime" : 12.0,
    "minResTime" : 4.0,
    "maxResTime" : 1560.0,
    "pct1ResTime" : 254.30000000000018,
    "pct2ResTime" : 427.14999999999964,
    "pct3ResTime" : 789.2699999999977,
    "throughput" : 11.003914988814318,
    "receivedKBytesPerSec" : 65.64622405391412,
    "sentKBytesPerSec" : 4.014609590739479
  },
  "Get Cards Request" : {
    "transaction" : "Get Cards Request",
    "sampleCount" : 6635,
    "errorCount" : 0,
    "errorPct" : 0.0,
    "meanResTime" : 82.02260738507904,
    "medianResTime" : 11.0,
    "minResTime" : 4.0,
    "maxResTime" : 1661.0,
    "pct1ResTime" : 241.0,
    "pct2ResTime" : 426.0,
    "pct3ResTime" : 758.2000000000016,
    "throughput" : 11.320960754571468,
    "receivedKBytesPerSec" : 20.745442636128793,
    "sentKBytesPerSec" : 4.041993422197614
  },
  "Get Transaction Request" : {
    "transaction" : "Get Transaction Request",
    "sampleCount" : 6729,
    "errorCount" : 0,
    "errorPct" : 0.0,
    "meanResTime" : 86.22113241194809,
    "medianResTime" : 12.0,
    "minResTime" : 4.0,
    "maxResTime" : 1515.0,
    "pct1ResTime" : 258.0,
    "pct2ResTime" : 453.5,
    "pct3ResTime" : 796.3999999999996,
    "throughput" : 11.361890305161902,
    "receivedKBytesPerSec" : 209.6101557315789,
    "sentKBytesPerSec" : 4.134302505474948
  },
  "Total" : {
    "transaction" : "Total",
    "sampleCount" : 134482,
    "errorCount" : 2101,
    "errorPct" : 1.5622909,
    "meanResTime" : 102.06668550437972,
    "medianResTime" : 200.0,
    "minResTime" : 3.0,
    "maxResTime" : 2019.0,
    "pct1ResTime" : 516.0,
    "pct2ResTime" : 626.0,
    "pct3ResTime" : 875.9900000000016,
    "throughput" : 224.54308965894936,
    "receivedKBytesPerSec" : 402.32318543438623,
    "sentKBytesPerSec" : 93.18539734001877
  },
  "Add Beneficiary Request" : {
    "transaction" : "Add Beneficiary Request",
    "sampleCount" : 6441,
    "errorCount" : 0,
    "errorPct" : 0.0,
    "meanResTime" : 107.26626300263946,
    "medianResTime" : 37.0,
    "minResTime" : 13.0,
    "maxResTime" : 1521.0,
    "pct1ResTime" : 289.0,
    "pct2ResTime" : 446.89999999999964,
    "pct3ResTime" : 777.5799999999999,
    "throughput" : 11.117075351367586,
    "receivedKBytesPerSec" : 6.534085484738832,
    "sentKBytesPerSec" : 5.26982607671317
  },
  "Phone TopUp Request" : {
    "transaction" : "Phone TopUp Request",
    "sampleCount" : 6259,
    "errorCount" : 302,
    "errorPct" : 4.825052,
    "meanResTime" : 108.93593225754884,
    "medianResTime" : 38.0,
    "minResTime" : 5.0,
    "maxResTime" : 1722.0,
    "pct1ResTime" : 289.0,
    "pct2ResTime" : 456.0,
    "pct3ResTime" : 802.3999999999942,
    "throughput" : 10.984690931619026,
    "receivedKBytesPerSec" : 4.01372118361405,
    "sentKBytesPerSec" : 5.764509477016214
  },
  "Get Anagrafica Request" : {
    "transaction" : "Get Anagrafica Request",
    "sampleCount" : 5940,
    "errorCount" : 0,
    "errorPct" : 0.0,
    "meanResTime" : 89.1430976430977,
    "medianResTime" : 11.0,
    "minResTime" : 3.0,
    "maxResTime" : 1690.0,
    "pct1ResTime" : 263.0,
    "pct2ResTime" : 466.9499999999998,
    "pct3ResTime" : 797.5900000000001,
    "throughput" : 10.763326411463487,
    "receivedKBytesPerSec" : 6.8241081325855175,
    "sentKBytesPerSec" : 3.8745504804991717
  },
  "Add Card Request" : {
    "transaction" : "Add Card Request",
    "sampleCount" : 6595,
    "errorCount" : 0,
    "errorPct" : 0.0,
    "meanResTime" : 109.49583017437455,
    "medianResTime" : 38.0,
    "minResTime" : 13.0,
    "maxResTime" : 1536.0,
    "pct1ResTime" : 283.0,
    "pct2ResTime" : 463.0,
    "pct3ResTime" : 825.0,
    "throughput" : 11.302407524198635,
    "receivedKBytesPerSec" : 6.205318429693712,